id,name,tagline,description,longDescription,price,category,imageUrl,features
p1,Aura Harmony,Listen naturally.,Audio that feels like the open air. Constructed with warm acoustic fabric and recycled sandstone composite.,"Experience sound as it was meant to be heard—unconfined and organic. The Aura Harmony headphones feature our proprietary open-air driver technology, encased in a breathable acoustic fabric that adapts to your temperature. The headband is crafted from a recycled sandstone composite, offering a unique, cool-to-the-touch texture that grounds you in the present moment.",429,Audio,https://images.unsplash.com/photo-1505740420928-5e560c06d30e?auto=format&fit=crop&q=80&w=1000,"[""Organic Noise Cancellation"",""50h Battery"",""Natural Soundstage""]"
p2,Aura Epoch,"Moments, not minutes.",A timepiece designed for wellness. Ceramic casing with a strap made from sustainable vegan leather.,"Time is not a sequence of numbers, but a flow of moments. The Aura Epoch rethinks the smartwatch interface, using a calm E-Ink hybrid display that mimics paper. It tracks stress through skin temperature and heart rate variability, gently vibrating to remind you to breathe. The ceramic casing is hypoallergenic and smooth, polished by hand for 48 hours.",349,Wearable,https://images.unsplash.com/photo-1523275335684-37898b6baf30?auto=format&fit=crop&q=80&w=1000,"[""Stress Monitoring"",""E-Ink Hybrid Display"",""7-Day Battery""]"
p3,Aura Canvas,Capture the warmth.,"A display that mimics the properties of paper. Soft on the eyes, vivid in color, and textured to the touch.","Screens shouldn't feel like looking into a lightbulb. Aura Canvas uses a matte, nano-etched OLED panel that scatters ambient light, creating a display that looks and feels like high-quality magazine paper. Perfect for reading, sketching, or displaying art, it brings a tactile warmth to your digital life.",1099,Mobile,https://images.unsplash.com/photo-1544816155-12df9643f363?auto=format&fit=crop&q=80&w=1000,"[""Paper-like OLED"",""Portrait Lens"",""Sandstone Texture""]"
p4,Aura Essence,Return to nature.,"An air purifier that doubles as a sculpture. Whisper quiet, diffusing subtle natural scents while cleaning your space.","Clean air is the foundation of a clear mind. Aura Essence uses a moss-based bio-filter combined with HEPA technology to scrub pollutants from your home. It gently diffuses natural essential oils—cedar, bergamot, and rain—orchestrated to match the time of day.",599,Home,https://images.pexels.com/photos/8092420/pexels-photo-8092420.jpeg?auto=compress&cs=tinysrgb&w=1260&h=750&dpr=1,"[""Bio-HEPA Filter"",""Aromatherapy"",""Silent Night Mode""]"
p5,Aura Beam,Light that breathes.,"Smart circadian lighting that follows the sun. Casts a warm, candle-like glow in the evenings.","Artificial light disrupts our natural rhythms. Aura Beam syncs with your local sunrise and sunset, providing cool, energizing light during the day and transitioning to a warm, amber glow free of blue light in the evening. Controls are touchless; a simple wave of the hand adjusts brightness.",249,Home,https://images.unsplash.com/photo-1565814329452-e1efa11c5b89?auto=format&fit=crop&q=80&w=1000,"[""Circadian Rhythm Sync"",""Warm Dimming"",""Touchless Control""]"
p6,Aura Scribe,Thought in motion.,A digital stylus with the friction of graphite. Charges wirelessly when magnetically attached to Aura Canvas.,"The connection between hand and brain is sacred. Aura Scribe features a custom elastomer tip that replicates the microscopic friction of graphite on paper. Weighted perfectly for balance, it disappears in your hand, leaving only your thoughts.",129,Mobile,https://images.pexels.com/photos/2647376/pexels-photo-2647376.jpeg?auto=compress&cs=tinysrgb&w=1260&h=750&dpr=1,"[""Zero Latency"",""Textured Tip"",""Wireless Charging""]"
prod-100,Aura 프리미엄 워치 100,프리미엄 디자인과 최첨단 기술의 만남,Aura 프리미엄 워치 100은(는) 일상에 풍요로움을 더하는 Wearable 기기입니다. 세심한 디테일과 뛰어난 성능을 경험해 보세요.,"Aura 프리미엄 워치 100은(는) 디자인과 기능의 완벽한 조화를 목표로 제작되었습니다. 제작 과정에서부터 사용자의 편의성을 최우선으로 고려하였으며, 오랜 시간 사용해도 변치 않는 가치를 선사합니다. 특히 이번 모델은 기존 제품보다 더 향상된 성능과 효율성을 자랑합니다.",340000,Wearable,https://picsum.photos/seed/100/800/800,"[""고해상도 디자인"",""장시간 배터리 수명"",""친환경 소재 사용"",""사용자 맞춤 설정""]"
prod-101,Aura 혁신적인 램프 101,혁신적인 디자인과 최첨단 기술의 만남,Aura 혁신적인 램프 101은(는) 일상에 풍요로움을 더하는 Home 기기입니다. 세심한 디테일과 뛰어난 성능을 경험해 보세요.,"Aura 혁신적인 램프 101은(는) 디자인과 기능의 완벽한 조화를 목표로 제작되었습니다. 제작 과정에서부터 사용자의 편의성을 최우선으로 고려하였으며, 오랜 시간 사용해도 변치 않는 가치를 선사합니다. 특히 이번 모델은 기존 제품보다 더 향상된 성능과 효율성을 자랑합니다.",900000,Home,https://picsum.photos/seed/101/800/800,"[""고해상도 디자인"",""장시간 배터리 수명"",""친환경 소재 사용"",""사용자 맞춤 설정""]"
prod-102,Aura 고급 이어버드 102,고급 디자인과 최첨단 기술의 만남,Aura 고급 이어버드 102은(는) 일상에 풍요로움을 더하는 Audio 기기입니다. 세심한 디테일과 뛰어난 성능을 경험해 보세요.,"Aura 고급 이어버드 102은(는) 디자인과 기능의 완벽한 조화를 목표로 제작되었습니다. 제작 과정에서부터 사용자의 편의성을 최우선으로 고려하였으며, 오랜 시간 사용해도 변치 않는 가치를 선사합니다. 특히 이번 모델은 기존 제품보다 더 향상된 성능과 효율성을 자랑합니다.",520000,Audio,https://picsum.photos/seed/102/800/800,"[""고해상도 디자인"",""장시간 배터리 수명"",""친환경 소재 사용"",""사용자 맞춤 설정""]"
prod-103,Aura 자연스러운 밴드 103,자연스러운 디자인과 최첨단 기술의 만남,Aura 자연스러운 밴드 103은(는) 일상에 풍요로움을 더하는 Wearable 기기입니다. 세심한 디테일과 뛰어난 성능을 경험해 보세요.,"Aura 자연스러운 밴드 103은(는) 디자인과 기능의 완벽한 조화를 목표로 제작되었습니다. 제작 과정에서부터 사용자의 편의성을 최우선으로 고려하였으며, 오랜 시간 사용해도 변치 않는 가치를 선사합니다. 특히 이번 모델은 기존 제품보다 더 향상된 성능과 효율성을 자랑합니다.",340000,Wearable,https://picsum.photos/seed/103/800/800,"[""고해상도 디자인"",""장시간 배터리 수명"",""친환경 소재 사용"",""사용자 맞춤 설정""]"
prod-104,Aura 클래식 글래스 104,클래식 디자인과 최첨단 기술의 만남,Aura 클래식 글래스 104은(는) 일상에 풍요로움을 더하는 Wearable 기기입니다. 세심한 디테일과 뛰어난 성능을 경험해 보세요.,"Aura 클래식 글래스 104은(는) 디자인과 기능의 완벽한 조화를 목표로 제작되었습니다. 제작 과정에서부터 사용자의 편의성을 최우선으로 고려하였으며, 오랜 시간 사용해도 변치 않는 가치를 선사합니다. 특히 이번 모델은 기존 제품보다 더 향상된 성능과 효율성을 자랑합니다.",670000,Wearable,https://picsum.photos/seed/104/800/800,"[""고해상도 디자인"",""장시간 배터리 수명"",""친환경 소재 사용"",""사용자 맞춤 설정""]"
prod-105,Aura 현대적인 태블릿 105,현대적인 디자인과 최첨단 기술의 만남,Aura 현대적인 태블릿 105은(는) 일상에 풍요로움을 더하는 Mobile 기기입니다. 세심한 디테일과 뛰어난 성능을 경험해 보세요.,"Aura 현대적인 태블릿 105은(는) 디자인과 기능의 완벽한 조화를 목표로 제작되었습니다. 제작 과정에서부터 사용자의 편의성을 최우선으로 고려하였으며, 오랜 시간 사용해도 변치 않는 가치를 선사합니다. 특히 이번 모델은 기존 제품보다 더 향상된 성능과 효율성을 자랑합니다.",480000,Mobile,https://picsum.photos/seed/105/800/800,"[""고해상도 디자인"",""장시간 배터리 수명"",""친환경 소재 사용"",""사용자 맞춤 설정""]"
prod-106,Aura 우아한 글래스 106,우아한 디자인과 최첨단 기술의 만남,Aura 우아한 글래스 106은(는) 일상에 풍요로움을 더하는 Wearable 기기입니다. 세심한 디테일과 뛰어난 성능을 경험해 보세요.,"Aura 우아한 글래스 106은(는) 디자인과 기능의 완벽한 조화를 목표로 제작되었습니다. 제작 과정에서부터 사용자의 편의성을 최우선으로 고려하였으며, 오랜 시간 사용해도 변치 않는 가치를 선사합니다. 특히 이번 모델은 기존 제품보다 더 향상된 성능과 효율성을 자랑합니다.",210000,Wearable,https://picsum.photos/seed/106/800/800,"[""고해상도 디자인"",""장시간 배터리 수명"",""친환경 소재 사용"",""사용자 맞춤 설정""]"
prod-107,Aura 프리미엄 폰 107,프리미엄 디자인과 최첨단 기술의 만남,Aura 프리미엄 폰 107은(는) 일상에 풍요로움을 더하는 Mobile 기기입니다. 세심한 디테일과 뛰어난 성능을 경험해 보세요.,"Aura 프리미엄 폰 107은(는) 디자인과 기능의 완벽한 조화를 목표로 제작되었습니다. 제작 과정에서부터 사용자의 편의성을 최우선으로 고려하였으며, 오랜 시간 사용해도 변치 않는 가치를 선사합니다. 특히 이번 모델은 기존 제품보다 더 향상된 성능과 효율성을 자랑합니다.",750000,Mobile,https://picsum.photos/seed/107/800/800,"[""고해상도 디자인"",""장시간 배터리 수명"",""친환경 소재 사용"",""사용자 맞춤 설정""]"
prod-108,Aura 클래식 스피커 108,클래식 디자인과 최첨단 기술의 만남,Aura 클래식 스피커 108은(는) 일상에 풍요로움을 더하는 Audio 기기입니다. 세심한 디테일과 뛰어난 성능을 경험해 보세요.,"Aura 클래식 스피커 108은(는) 디자인과 기능의 완벽한 조화를 목표로 제작되었습니다. 제작 과정에서부터 사용자의 편의성을 최우선으로 고려하였으며, 오랜 시간 사용해도 변치 않는 가치를 선사합니다. 특히 이번 모델은 기존 제품보다 더 향상된 성능과 효율성을 자랑합니다.",300000,Audio,https://picsum.photos/seed/108/800/800,"[""고해상도 디자인"",""장시간 배터리 수명"",""친환경 소재 사용"",""사용자 맞춤 설정""]"
prod-109,Aura 혁신적인 스피커 109,혁신적인 디자인과 최첨단 기술의 만남,Aura 혁신적인 스피커 109은(는) 일상에 풍요로움을 더하는 Audio 기기입니다. 세심한 디테일과 뛰어난 성능을 경험해 보세요.,"Aura 혁신적인 스피커 109은(는) 디자인과 기능의 완벽한 조화를 목표로 제작되었습니다. 제작 과정에서부터 사용자의 편의성을 최우선으로 고려하였으며, 오랜 시간 사용해도 변치 않는 가치를 선사합니다. 특히 이번 모델은 기존 제품보다 더 향상된 성능과 효율성을 자랑합니다.",950000,Audio,https://picsum.photos/seed/109/800/800,"[""고해상도 디자인"",""장시간 배터리 수명"",""친환경 소재 사용"",""사용자 맞춤 설정""]"
prod-110,Aura 스마트 글래스 110,스마트 디자인과 최첨단 기술의 만남,Aura 스마트 글래스 110은(는) 일상에 풍요로움을 더하는 Wearable 기기입니다. 세심한 디테일과 뛰어난 성능을 경험해 보세요.,"Aura 스마트 글래스 110은(는) 디자인과 기능의 완벽한 조화를 목표로 제작되었습니다. 제작 과정에서부터 사용자의 편의성을 최우선으로 고려하였으며, 오랜 시간 사용해도 변치 않는 가치를 선사합니다. 특히 이번 모델은 기존 제품보다 더 향상된 성능과 효율성을 자랑합니다.",460000,Wearable,https://picsum.photos/seed/110/800/800,"[""고해상도 디자인"",""장시간 배터리 수명"",""친환경 소재 사용"",""사용자 맞춤 설정""]"
prod-111,Aura 프리미엄 오브제 111,프리미엄 디자인과 최첨단 기술의 만남,Aura 프리미엄 오브제 111은(는) 일상에 풍요로움을 더하는 Home 기기입니다. 세심한 디테일과 뛰어난 성능을 경험해 보세요.,"Aura 프리미엄 오브제 111은(는) 디자인과 기능의 완벽한 조화를 목표로 제작되었습니다. 제작 과정에서부터 사용자의 편의성을 최우선으로 고려하였으며, 오랜 시간 사용해도 변치 않는 가치를 선사합니다. 특히 이번 모델은 기존 제품보다 더 향상된 성능과 효율성을 자랑합니다.",640000,Home,https://picsum.photos/seed/111/800/800,"[""고해상도 디자인"",""장시간 배터리 수명"",""친환경 소재 사용"",""사용자 맞춤 설정""]"
prod-112,Aura 클래식 스피커 112,클래식 디자인과 최첨단 기술의 만남,Aura 클래식 스피커 112은(는) 일상에 풍요로움을 더하는 Audio 기기입니다. 세심한 디테일과 뛰어난 성능을 경험해 보세요.,"Aura 클래식 스피커 112은(는) 디자인과 기능의 완벽한 조화를 목표로 제작되었습니다. 제작 과정에서부터 사용자의 편의성을 최우선으로 고려하였으며, 오랜 시간 사용해도 변치 않는 가치를 선사합니다. 특히 이번 모델은 기존 제품보다 더 향상된 성능과 효율성을 자랑합니다.",650000,Audio,https://picsum.photos/seed/112/800/800,"[""고해상도 디자인"",""장시간 배터리 수명"",""친환경 소재 사용"",""사용자 맞춤 설정""]"
prod-113,Aura 우아한 램프 113,우아한 디자인과 최첨단 기술의 만남,Aura 우아한 램프 113은(는) 일상에 풍요로움을 더하는 Home 기기입니다. 세심한 디테일과 뛰어난 성능을 경험해 보세요.,"Aura 우아한 램프 113은(는) 디자인과 기능의 완벽한 조화를 목표로 제작되었습니다. 제작 과정에서부터 사용자의 편의성을 최우선으로 고려하였으며, 오랜 시간 사용해도 변치 않는 가치를 선사합니다. 특히 이번 모델은 기존 제품보다 더 향상된 성능과 효율성을 자랑합니다.",540000,Home,https://picsum.photos/seed/113/800/800,"[""고해상도 디자인"",""장시간 배터리 수명"",""친환경 소재 사용"",""사용자 맞춤 설정""]"
prod-114,Aura 미니멀 가구 114,미니멀 디자인과 최첨단 기술의 만남,Aura 미니멀 가구 114은(는) 일상에 풍요로움을 더하는 Home 기기입니다. 세심한 디테일과 뛰어난 성능을 경험해 보세요.,"Aura 미니멀 가구 114은(는) 디자인과 기능의 완벽한 조화를 목표로 제작되었습니다. 제작 과정에서부터 사용자의 편의성을 최우선으로 고려하였으며, 오랜 시간 사용해도 변치 않는 가치를 선사합니다. 특히 이번 모델은 기존 제품보다 더 향상된 성능과 효율성을 자랑합니다.",650000,Home,https://picsum.photos/seed/114/800/800,"[""고해상도 디자인"",""장시간 배터리 수명"",""친환경 소재 사용"",""사용자 맞춤 설정""]"
prod-115,Aura 우아한 태블릿 115,우아한 디자인과 최첨단 기술의 만남,Aura 우아한 태블릿 115은(는) 일상에 풍요로움을 더하는 Mobile 기기입니다. 세심한 디테일과 뛰어난 성능을 경험해 보세요.,"Aura 우아한 태블릿 115은(는) 디자인과 기능의 완벽한 조화를 목표로 제작되었습니다. 제작 과정에서부터 사용자의 편의성을 최우선으로 고려하였으며, 오랜 시간 사용해도 변치 않는 가치를 선사합니다. 특히 이번 모델은 기존 제품보다 더 향상된 성능과 효율성을 자랑합니다.",820000,Mobile,https://picsum.photos/seed/115/800/800,"[""고해상도 디자인"",""장시간 배터리 수명"",""친환경 소재 사용"",""사용자 맞춤 설정""]"
prod-116,Aura 진보된 오브제 116,진보된 디자인과 최첨단 기술의 만남,Aura 진보된 오브제 116은(는) 일상에 풍요로움을 더하는 Home 기기입니다. 세심한 디테일과 뛰어난 성능을 경험해 보세요.,"Aura 진보된 오브제 116은(는) 디자인과 기능의 완벽한 조화를 목표로 제작되었습니다. 제작 과정에서부터 사용자의 편의성을 최우선으로 고려하였으며, 오랜 시간 사용해도 변치 않는 가치를 선사합니다. 특히 이번 모델은 기존 제품보다 더 향상된 성능과 효율성을 자랑합니다.",420000,Home,https://picsum.photos/seed/116/800/800,"[""고해상도 디자인"",""장시간 배터리 수명"",""친환경 소재 사용"",""사용자 맞춤 설정""]"
prod-117,Aura 진보된 충전기 117,진보된 디자인과 최첨단 기술의 만남,Aura 진보된 충전기 117은(는) 일상에 풍요로움을 더하는 Mobile 기기입니다. 세심한 디테일과 뛰어난 성능을 경험해 보세요.,"Aura 진보된 충전기 117은(는) 디자인과 기능의 완벽한 조화를 목표로 제작되었습니다. 제작 과정에서부터 사용자의 편의성을 최우선으로 고려하였으며, 오랜 시간 사용해도 변치 않는 가치를 선사합니다. 특히 이번 모델은 기존 제품보다 더 향상된 성능과 효율성을 자랑합니다.",800000,Mobile,https://picsum.photos/seed/117/800/800,"[""고해상도 디자인"",""장시간 배터리 수명"",""친환경 소재 사용"",""사용자 맞춤 설정""]"
prod-118,Aura 자연스러운 램프 118,자연스러운 디자인과 최첨단 기술의 만남,Aura 자연스러운 램프 118은(는) 일상에 풍요로움을 더하는 Home 기기입니다. 세심한 디테일과 뛰어난 성능을 경험해 보세요.,"Aura 자연스러운 램프 118은(는) 디자인과 기능의 완벽한 조화를 목표로 제작되었습니다. 제작 과정에서부터 사용자의 편의성을 최우선으로 고려하였으며, 오랜 시간 사용해도 변치 않는 가치를 선사합니다. 특히 이번 모델은 기존 제품보다 더 향상된 성능과 효율성을 자랑합니다.",540000,Home,https://picsum.photos/seed/118/800/800,"[""고해상도 디자인"",""장시간 배터리 수명"",""친환경 소재 사용"",""사용자 맞춤 설정""]"
prod-119,Aura 자연스러운 오브제 119,자연스러운 디자인과 최첨단 기술의 만남,Aura 자연스러운 오브제 119은(는) 일상에 풍요로움을 더하는 Home 기기입니다. 세심한 디테일과 뛰어난 성능을 경험해 보세요.,"Aura 자연스러운 오브제 119은(는) 디자인과 기능의 완벽한 조화를 목표로 제작되었습니다. 제작 과정에서부터 사용자의 편의성을 최우선으로 고려하였으며, 오랜 시간 사용해도 변치 않는 가치를 선사합니다. 특히 이번 모델은 기존 제품보다 더 향상된 성능과 효율성을 자랑합니다.",390000,Home,https://picsum.photos/seed/119/800/800,"[""고해상도 디자인"",""장시간 배터리 수명"",""친환경 소재 사용"",""사용자 맞춤 설정""]"
prod-120,Aura 고급 글래스 120,고급 디자인과 최첨단 기술의 만남,Aura 고급 글래스 120은(는) 일상에 풍요로움을 더하는 Wearable 기기입니다. 세심한 디테일과 뛰어난 성능을 경험해 보세요.,"Aura 고급 글래스 120은(는) 디자인과 기능의 완벽한 조화를 목표로 제작되었습니다. 제작 과정에서부터 사용자의 편의성을 최우선으로 고려하였으며, 오랜 시간 사용해도 변치 않는 가치를 선사합니다. 특히 이번 모델은 기존 제품보다 더 향상된 성능과 효율성을 자랑합니다.",520000,Wearable,https://picsum.photos/seed/120/800/800,"[""고해상도 디자인"",""장시간 배터리 수명"",""친환경 소재 사용"",""사용자 맞춤 설정""]"
prod-121,Aura 혁신적인 이어버드 121,혁신적인 디자인과 최첨단 기술의 만남,Aura 혁신적인 이어버드 121은(는) 일상에 풍요로움을 더하는 Audio 기기입니다. 세심한 디테일과 뛰어난 성능을 경험해 보세요.,"Aura 혁신적인 이어버드 121은(는) 디자인과 기능의 완벽한 조화를 목표로 제작되었습니다. 제작 과정에서부터 사용자의 편의성을 최우선으로 고려하였으며, 오랜 시간 사용해도 변치 않는 가치를 선사합니다. 특히 이번 모델은 기존 제품보다 더 향상된 성능과 효율성을 자랑합니다.",310000,Audio,https://picsum.photos/seed/121/800/800,"[""고해상도 디자인"",""장시간 배터리 수명"",""친환경 소재 사용"",""사용자 맞춤 설정""]"
prod-122,Aura 진보된 스피커 122,진보된 디자인과 최첨단 기술의 만남,Aura 진보된 스피커 122은(는) 일상에 풍요로움을 더하는 Audio 기기입니다. 세심한 디테일과 뛰어난 성능을 경험해 보세요.,"Aura 진보된 스피커 122은(는) 디자인과 기능의 완벽한 조화를 목표로 제작되었습니다. 제작 과정에서부터 사용자의 편의성을 최우선으로 고려하였으며, 오랜 시간 사용해도 변치 않는 가치를 선사합니다. 특히 이번 모델은 기존 제품보다 더 향상된 성능과 효율성을 자랑합니다.",350000,Audio,https://picsum.photos/seed/122/800/800,"[""고해상도 디자인"",""장시간 배터리 수명"",""친환경 소재 사용"",""사용자 맞춤 설정""]"
prod-123,Aura 미니멀 램프 123,미니멀 디자인과 최첨단 기술의 만남,Aura 미니멀 램프 123은(는) 일상에 풍요로움을 더하는 Home 기기입니다. 세심한 디테일과 뛰어난 성능을 경험해 보세요.,"Aura 미니멀 램프 123은(는) 디자인과 기능의 완벽한 조화를 목표로 제작되었습니다. 제작 과정에서부터 사용자의 편의성을 최우선으로 고려하였으며, 오랜 시간 사용해도 변치 않는 가치를 선사합니다. 특히 이번 모델은 기존 제품보다 더 향상된 성능과 효율성을 자랑합니다.",180000,Home,https://picsum.photos/seed/123/800/800,"[""고해상도 디자인"",""장시간 배터리 수명"",""친환경 소재 사용"",""사용자 맞춤 설정""]"
prod-124,Aura 고급 폰 124,고급 디자인과 최첨단 기술의 만남,Aura 고급 폰 124은(는) 일상에 풍요로움을 더하는 Mobile 기기입니다. 세심한 디테일과 뛰어난 성능을 경험해 보세요.,"Aura 고급 폰 124은(는) 디자인과 기능의 완벽한 조화를 목표로 제작되었습니다. 제작 과정에서부터 사용자의 편의성을 최우선으로 고려하였으며, 오랜 시간 사용해도 변치 않는 가치를 선사합니다. 특히 이번 모델은 기존 제품보다 더 향상된 성능과 효율성을 자랑합니다.",610000,Mobile,https://picsum.photos/seed/124/800/800,"[""고해상도 디자인"",""장시간 배터리 수명"",""친환경 소재 사용"",""사용자 맞춤 설정""]"
prod-125,Aura 스마트 램프 125,스마트 디자인과 최첨단 기술의 만남,Aura 스마트 램프 125은(는) 일상에 풍요로움을 더하는 Home 기기입니다. 세심한 디테일과 뛰어난 성능을 경험해 보세요.,"Aura 스마트 램프 125은(는) 디자인과 기능의 완벽한 조화를 목표로 제작되었습니다. 제작 과정에서부터 사용자의 편의성을 최우선으로 고려하였으며, 오랜 시간 사용해도 변치 않는 가치를 선사합니다. 특히 이번 모델은 기존 제품보다 더 향상된 성능과 효율성을 자랑합니다.",620000,Home,https://picsum.photos/seed/125/800/800,"[""고해상도 디자인"",""장시간 배터리 수명"",""친환경 소재 사용"",""사용자 맞춤 설정""]"
prod-126,Aura 자연스러운 오브제 126,자연스러운 디자인과 최첨단 기술의 만남,Aura 자연스러운 오브제 126은(는) 일상에 풍요로움을 더하는 Home 기기입니다. 세심한 디테일과 뛰어난 성능을 경험해 보세요.,"Aura 자연스러운 오브제 126은(는) 디자인과 기능의 완벽한 조화를 목표로 제작되었습니다. 제작 과정에서부터 사용자의 편의성을 최우선으로 고려하였으며, 오랜 시간 사용해도 변치 않는 가치를 선사합니다. 특히 이번 모델은 기존 제품보다 더 향상된 성능과 효율성을 자랑합니다.",590000,Home,https://picsum.photos/seed/126/800/800,"[""고해상도 디자인"",""장시간 배터리 수명"",""친환경 소재 사용"",""사용자 맞춤 설정""]"
prod-127,Aura 클래식 오브제 127,클래식 디자인과 최첨단 기술의 만남,Aura 클래식 오브제 127은(는) 일상에 풍요로움을 더하는 Home 기기입니다. 세심한 디테일과 뛰어난 성능을 경험해 보세요.,"Aura 클래식 오브제 127은(는) 디자인과 기능의 완벽한 조화를 목표로 제작되었습니다. 제작 과정에서부터 사용자의 편의성을 최우선으로 고려하였으며, 오랜 시간 사용해도 변치 않는 가치를 선사합니다. 특히 이번 모델은 기존 제품보다 더 향상된 성능과 효율성을 자랑합니다.",640000,Home,https://picsum.photos/seed/127/800/800,"[""고해상도 디자인"",""장시간 배터리 수명"",""친환경 소재 사용"",""사용자 맞춤 설정""]"
prod-128,Aura 클래식 충전기 128,클래식 디자인과 최첨단 기술의 만남,Aura 클래식 충전기 128은(는) 일상에 풍요로움을 더하는 Mobile 기기입니다. 세심한 디테일과 뛰어난 성능을 경험해 보세요.,"Aura 클래식 충전기 128은(는) 디자인과 기능의 완벽한 조화를 목표로 제작되었습니다. 제작 과정에서부터 사용자의 편의성을 최우선으로 고려하였으며, 오랜 시간 사용해도 변치 않는 가치를 선사합니다. 특히 이번 모델은 기존 제품보다 더 향상된 성능과 효율성을 자랑합니다.",810000,Mobile,https://picsum.photos/seed/128/800/800,"[""고해상도 디자인"",""장시간 배터리 수명"",""친환경 소재 사용"",""사용자 맞춤 설정""]"
prod-129,Aura 우아한 워치 129,우아한 디자인과 최첨단 기술의 만남,Aura 우아한 워치 129은(는) 일상에 풍요로움을 더하는 Wearable 기기입니다. 세심한 디테일과 뛰어난 성능을 경험해 보세요.,"Aura 우아한 워치 129은(는) 디자인과 기능의 완벽한 조화를 목표로 제작되었습니다. 제작 과정에서부터 사용자의 편의성을 최우선으로 고려하였으며, 오랜 시간 사용해도 변치 않는 가치를 선사합니다. 특히 이번 모델은 기존 제품보다 더 향상된 성능과 효율성을 자랑합니다.",940000,Wearable,https://picsum.photos/seed/129/800/800,"[""고해상도 디자인"",""장시간 배터리 수명"",""친환경 소재 사용"",""사용자 맞춤 설정""]"
prod-130,Aura 우아한 헤드폰 130,우아한 디자인과 최첨단 기술의 만남,Aura 우아한 헤드폰 130은(는) 일상에 풍요로움을 더하는 Audio 기기입니다. 세심한 디테일과 뛰어난 성능을 경험해 보세요.,"Aura 우아한 헤드폰 130은(는) 디자인과 기능의 완벽한 조화를 목표로 제작되었습니다. 제작 과정에서부터 사용자의 편의성을 최우선으로 고려하였으며, 오랜 시간 사용해도 변치 않는 가치를 선사합니다. 특히 이번 모델은 기존 제품보다 더 향상된 성능과 효율성을 자랑합니다.",700000,Audio,https://picsum.photos/seed/130/800/800,"[""고해상도 디자인"",""장시간 배터리 수명"",""친환경 소재 사용"",""사용자 맞춤 설정""]"
prod-131,Aura 혁신적인 스피커 131,혁신적인 디자인과 최첨단 기술의 만남,Aura 혁신적인 스피커 131은(는) 일상에 풍요로움을 더하는 Audio 기기입니다. 세심한 디테일과 뛰어난 성능을 경험해 보세요.,"Aura 혁신적인 스피커 131은(는) 디자인과 기능의 완벽한 조화를 목표로 제작되었습니다. 제작 과정에서부터 사용자의 편의성을 최우선으로 고려하였으며, 오랜 시간 사용해도 변치 않는 가치를 선사합니다. 특히 이번 모델은 기존 제품보다 더 향상된 성능과 효율성을 자랑합니다.",260000,Audio,https://picsum.photos/seed/131/800/800,"[""고해상도 디자인"",""장시간 배터리 수명"",""친환경 소재 사용"",""사용자 맞춤 설정""]"
prod-132,Aura 자연스러운 충전기 132,자연스러운 디자인과 최첨단 기술의 만남,Aura 자연스러운 충전기 132은(는) 일상에 풍요로움을 더하는 Mobile 기기입니다. 세심한 디테일과 뛰어난 성능을 경험해 보세요.,"Aura 자연스러운 충전기 132은(는) 디자인과 기능의 완벽한 조화를 목표로 제작되었습니다. 제작 과정에서부터 사용자의 편의성을 최우선으로 고려하였으며, 오랜 시간 사용해도 변치 않는 가치를 선사합니다. 특히 이번 모델은 기존 제품보다 더 향상된 성능과 효율성을 자랑합니다.",250000,Mobile,https://picsum.photos/seed/132/800/800,"[""고해상도 디자인"",""장시간 배터리 수명"",""친환경 소재 사용"",""사용자 맞춤 설정""]"
prod-133,Aura 혁신적인 액세서리 133,혁신적인 디자인과 최첨단 기술의 만남,Aura 혁신적인 액세서리 133은(는) 일상에 풍요로움을 더하는 Mobile 기기입니다. 세심한 디테일과 뛰어난 성능을 경험해 보세요.,"Aura 혁신적인 액세서리 133은(는) 디자인과 기능의 완벽한 조화를 목표로 제작되었습니다. 제작 과정에서부터 사용자의 편의성을 최우선으로 고려하였으며, 오랜 시간 사용해도 변치 않는 가치를 선사합니다. 특히 이번 모델은 기존 제품보다 더 향상된 성능과 효율성을 자랑합니다.",650000,Mobile,https://picsum.photos/seed/133/800/800,"[""고해상도 디자인"",""장시간 배터리 수명"",""친환경 소재 사용"",""사용자 맞춤 설정""]"
prod-134,Aura 클래식 글래스 134,클래식 디자인과 최첨단 기술의 만남,Aura 클래식 글래스 134은(는) 일상에 풍요로움을 더하는 Wearable 기기입니다. 세심한 디테일과 뛰어난 성능을 경험해 보세요.,"Aura 클래식 글래스 134은(는) 디자인과 기능의 완벽한 조화를 목표로 제작되었습니다. 제작 과정에서부터 사용자의 편의성을 최우선으로 고려하였으며, 오랜 시간 사용해도 변치 않는 가치를 선사합니다. 특히 이번 모델은 기존 제품보다 더 향상된 성능과 효율성을 자랑합니다.",740000,Wearable,https://picsum.photos/seed/134/800/800,"[""고해상도 디자인"",""장시간 배터리 수명"",""친환경 소재 사용"",""사용자 맞춤 설정""]"
prod-135,Aura 미니멀 오브제 135,미니멀 디자인과 최첨단 기술의 만남,Aura 미니멀 오브제 135은(는) 일상에 풍요로움을 더하는 Home 기기입니다. 세심한 디테일과 뛰어난 성능을 경험해 보세요.,"Aura 미니멀 오브제 135은(는) 디자인과 기능의 완벽한 조화를 목표로 제작되었습니다. 제작 과정에서부터 사용자의 편의성을 최우선으로 고려하였으며, 오랜 시간 사용해도 변치 않는 가치를 선사합니다. 특히 이번 모델은 기존 제품보다 더 향상된 성능과 효율성을 자랑합니다.",300000,Home,https://picsum.photos/seed/135/800/800,"[""고해상도 디자인"",""장시간 배터리 수명"",""친환경 소재 사용"",""사용자 맞춤 설정""]"
prod-136,Aura 고급 오브제 136,고급 디자인과 최첨단 기술의 만남,Aura 고급 오브제 136은(는) 일상에 풍요로움을 더하는 Home 기기입니다. 세심한 디테일과 뛰어난 성능을 경험해 보세요.,"Aura 고급 오브제 136은(는) 디자인과 기능의 완벽한 조화를 목표로 제작되었습니다. 제작 과정에서부터 사용자의 편의성을 최우선으로 고려하였으며, 오랜 시간 사용해도 변치 않는 가치를 선사합니다. 특히 이번 모델은 기존 제품보다 더 향상된 성능과 효율성을 자랑합니다.",650000,Home,https://picsum.photos/seed/136/800/800,"[""고해상도 디자인"",""장시간 배터리 수명"",""친환경 소재 사용"",""사용자 맞춤 설정""]"
prod-137,Aura 스마트 태블릿 137,스마트 디자인과 최첨단 기술의 만남,Aura 스마트 태블릿 137은(는) 일상에 풍요로움을 더하는 Mobile 기기입니다. 세심한 디테일과 뛰어난 성능을 경험해 보세요.,"Aura 스마트 태블릿 137은(는) 디자인과 기능의 완벽한 조화를 목표로 제작되었습니다. 제작 과정에서부터 사용자의 편의성을 최우선으로 고려하였으며, 오랜 시간 사용해도 변치 않는 가치를 선사합니다. 특히 이번 모델은 기존 제품보다 더 향상된 성능과 효율성을 자랑합니다.",450000,Mobile,https://picsum.photos/seed/137/800/800,"[""고해상도 디자인"",""장시간 배터리 수명"",""친환경 소재 사용"",""사용자 맞춤 설정""]"
prod-138,Aura 프리미엄 가구 138,프리미엄 디자인과 최첨단 기술의 만남,Aura 프리미엄 가구 138은(는) 일상에 풍요로움을 더하는 Home 기기입니다. 세심한 디테일과 뛰어난 성능을 경험해 보세요.,"Aura 프리미엄 가구 138은(는) 디자인과 기능의 완벽한 조화를 목표로 제작되었습니다. 제작 과정에서부터 사용자의 편의성을 최우선으로 고려하였으며, 오랜 시간 사용해도 변치 않는 가치를 선사합니다. 특히 이번 모델은 기존 제품보다 더 향상된 성능과 효율성을 자랑합니다.",810000,Home,https://picsum.photos/seed/138/800/800,"[""고해상도 디자인"",""장시간 배터리 수명"",""친환경 소재 사용"",""사용자 맞춤 설정""]"
prod-139,Aura 스마트 스피커 139,스마트 디자인과 최첨단 기술의 만남,Aura 스마트 스피커 139은(는) 일상에 풍요로움을 더하는 Audio 기기입니다. 세심한 디테일과 뛰어난 성능을 경험해 보세요.,"Aura 스마트 스피커 139은(는) 디자인과 기능의 완벽한 조화를 목표로 제작되었습니다. 제작 과정에서부터 사용자의 편의성을 최우선으로 고려하였으며, 오랜 시간 사용해도 변치 않는 가치를 선사합니다. 특히 이번 모델은 기존 제품보다 더 향상된 성능과 효율성을 자랑합니다.",450000,Audio,https://picsum.photos/seed/139/800/800,"[""고해상도 디자인"",""장시간 배터리 수명"",""친환경 소재 사용"",""사용자 맞춤 설정""]"
prod-140,Aura 스마트 충전기 140,스마트 디자인과 최첨단 기술의 만남,Aura 스마트 충전기 140은(는) 일상에 풍요로움을 더하는 Mobile 기기입니다. 세심한 디테일과 뛰어난 성능을 경험해 보세요.,"Aura 스마트 충전기 140은(는) 디자인과 기능의 완벽한 조화를 목표로 제작되었습니다. 제작 과정에서부터 사용자의 편의성을 최우선으로 고려하였으며, 오랜 시간 사용해도 변치 않는 가치를 선사합니다. 특히 이번 모델은 기존 제품보다 더 향상된 성능과 효율성을 자랑합니다.",870000,Mobile,https://picsum.photos/seed/140/800/800,"[""고해상도 디자인"",""장시간 배터리 수명"",""친환경 소재 사용"",""사용자 맞춤 설정""]"
prod-141,Aura 미니멀 오브제 141,미니멀 디자인과 최첨단 기술의 만남,Aura 미니멀 오브제 141은(는) 일상에 풍요로움을 더하는 Home 기기입니다. 세심한 디테일과 뛰어난 성능을 경험해 보세요.,"Aura 미니멀 오브제 141은(는) 디자인과 기능의 완벽한 조화를 목표로 제작되었습니다. 제작 과정에서부터 사용자의 편의성을 최우선으로 고려하였으며, 오랜 시간 사용해도 변치 않는 가치를 선사합니다. 특히 이번 모델은 기존 제품보다 더 향상된 성능과 효율성을 자랑합니다.",400000,Home,https://picsum.photos/seed/141/800/800,"[""고해상도 디자인"",""장시간 배터리 수명"",""친환경 소재 사용"",""사용자 맞춤 설정""]"
prod-142,Aura 프리미엄 이어버드 142,프리미엄 디자인과 최첨단 기술의 만남,Aura 프리미엄 이어버드 142은(는) 일상에 풍요로움을 더하는 Audio 기기입니다. 세심한 디테일과 뛰어난 성능을 경험해 보세요.,"Aura 프리미엄 이어버드 142은(는) 디자인과 기능의 완벽한 조화를 목표로 제작되었습니다. 제작 과정에서부터 사용자의 편의성을 최우선으로 고려하였으며, 오랜 시간 사용해도 변치 않는 가치를 선사합니다. 특히 이번 모델은 기존 제품보다 더 향상된 성능과 효율성을 자랑합니다.",530000,Audio,https://picsum.photos/seed/142/800/800,"[""고해상도 디자인"",""장시간 배터리 수명"",""친환경 소재 사용"",""사용자 맞춤 설정""]"
prod-143,Aura 자연스러운 오브제 143,자연스러운 디자인과 최첨단 기술의 만남,Aura 자연스러운 오브제 143은(는) 일상에 풍요로움을 더하는 Home 기기입니다. 세심한 디테일과 뛰어난 성능을 경험해 보세요.,"Aura 자연스러운 오브제 143은(는) 디자인과 기능의 완벽한 조화를 목표로 제작되었습니다. 제작 과정에서부터 사용자의 편의성을 최우선으로 고려하였으며, 오랜 시간 사용해도 변치 않는 가치를 선사합니다. 특히 이번 모델은 기존 제품보다 더 향상된 성능과 효율성을 자랑합니다.",260000,Home,https://picsum.photos/seed/143/800/800,"[""고해상도 디자인"",""장시간 배터리 수명"",""친환경 소재 사용"",""사용자 맞춤 설정""]"
prod-144,Aura 진보된 오브제 144,진보된 디자인과 최첨단 기술의 만남,Aura 진보된 오브제 144은(는) 일상에 풍요로움을 더하는 Home 기기입니다. 세심한 디테일과 뛰어난 성능을 경험해 보세요.,"Aura 진보된 오브제 144은(는) 디자인과 기능의 완벽한 조화를 목표로 제작되었습니다. 제작 과정에서부터 사용자의 편의성을 최우선으로 고려하였으며, 오랜 시간 사용해도 변치 않는 가치를 선사합니다. 특히 이번 모델은 기존 제품보다 더 향상된 성능과 효율성을 자랑합니다.",410000,Home,https://picsum.photos/seed/144/800/800,"[""고해상도 디자인"",""장시간 배터리 수명"",""친환경 소재 사용"",""사용자 맞춤 설정""]"
prod-145,Aura 현대적인 이어버드 145,현대적인 디자인과 최첨단 기술의 만남,Aura 현대적인 이어버드 145은(는) 일상에 풍요로움을 더하는 Audio 기기입니다. 세심한 디테일과 뛰어난 성능을 경험해 보세요.,"Aura 현대적인 이어버드 145은(는) 디자인과 기능의 완벽한 조화를 목표로 제작되었습니다. 제작 과정에서부터 사용자의 편의성을 최우선으로 고려하였으며, 오랜 시간 사용해도 변치 않는 가치를 선사합니다. 특히 이번 모델은 기존 제품보다 더 향상된 성능과 효율성을 자랑합니다.",880000,Audio,https://picsum.photos/seed/145/800/800,"[""고해상도 디자인"",""장시간 배터리 수명"",""친환경 소재 사용"",""사용자 맞춤 설정""]"
prod-146,Aura 자연스러운 공기청정기 146,자연스러운 디자인과 최첨단 기술의 만남,Aura 자연스러운 공기청정기 146은(는) 일상에 풍요로움을 더하는 Home 기기입니다. 세심한 디테일과 뛰어난 성능을 경험해 보세요.,"Aura 자연스러운 공기청정기 146은(는) 디자인과 기능의 완벽한 조화를 목표로 제작되었습니다. 제작 과정에서부터 사용자의 편의성을 최우선으로 고려하였으며, 오랜 시간 사용해도 변치 않는 가치를 선사합니다. 특히 이번 모델은 기존 제품보다 더 향상된 성능과 효율성을 자랑합니다.",400000,Home,https://picsum.photos/seed/146/800/800,"[""고해상도 디자인"",""장시간 배터리 수명"",""친환경 소재 사용"",""사용자 맞춤 설정""]"
prod-147,Aura 클래식 가구 147,클래식 디자인과 최첨단 기술의 만남,Aura 클래식 가구 147은(는) 일상에 풍요로움을 더하는 Home 기기입니다. 세심한 디테일과 뛰어난 성능을 경험해 보세요.,"Aura 클래식 가구 147은(는) 디자인과 기능의 완벽한 조화를 목표로 제작되었습니다. 제작 과정에서부터 사용자의 편의성을 최우선으로 고려하였으며, 오랜 시간 사용해도 변치 않는 가치를 선사합니다. 특히 이번 모델은 기존 제품보다 더 향상된 성능과 효율성을 자랑합니다.",940000,Home,https://picsum.photos/seed/147/800/800,"[""고해상도 디자인"",""장시간 배터리 수명"",""친환경 소재 사용"",""사용자 맞춤 설정""]"
prod-148,Aura 미니멀 헤드폰 148,미니멀 디자인과 최첨단 기술의 만남,Aura 미니멀 헤드폰 148은(는) 일상에 풍요로움을 더하는 Audio 기기입니다. 세심한 디테일과 뛰어난 성능을 경험해 보세요.,"Aura 미니멀 헤드폰 148은(는) 디자인과 기능의 완벽한 조화를 목표로 제작되었습니다. 제작 과정에서부터 사용자의 편의성을 최우선으로 고려하였으며, 오랜 시간 사용해도 변치 않는 가치를 선사합니다. 특히 이번 모델은 기존 제품보다 더 향상된 성능과 효율성을 자랑합니다.",730000,Audio,https://picsum.photos/seed/148/800/800,"[""고해상도 디자인"",""장시간 배터리 수명"",""친환경 소재 사용"",""사용자 맞춤 설정""]"
prod-149,Aura 고급 공기청정기 149,고급 디자인과 최첨단 기술의 만남,Aura 고급 공기청정기 149은(는) 일상에 풍요로움을 더하는 Home 기기입니다. 세심한 디테일과 뛰어난 성능을 경험해 보세요.,"Aura 고급 공기청정기 149은(는) 디자인과 기능의 완벽한 조화를 목표로 제작되었습니다. 제작 과정에서부터 사용자의 편의성을 최우선으로 고려하였으며, 오랜 시간 사용해도 변치 않는 가치를 선사합니다. 특히 이번 모델은 기존 제품보다 더 향상된 성능과 효율성을 자랑합니다.",470000,Home,https://picsum.photos/seed/149/800/800,"[""고해상도 디자인"",""장시간 배터리 수명"",""친환경 소재 사용"",""사용자 맞춤 설정""]"
prod-150,Aura 우아한 사운드바 150,우아한 디자인과 최첨단 기술의 만남,Aura 우아한 사운드바 150은(는) 일상에 풍요로움을 더하는 Audio 기기입니다. 세심한 디테일과 뛰어난 성능을 경험해 보세요.,"Aura 우아한 사운드바 150은(는) 디자인과 기능의 완벽한 조화를 목표로 제작되었습니다. 제작 과정에서부터 사용자의 편의성을 최우선으로 고려하였으며, 오랜 시간 사용해도 변치 않는 가치를 선사합니다. 특히 이번 모델은 기존 제품보다 더 향상된 성능과 효율성을 자랑합니다.",640000,Audio,https://picsum.photos/seed/150/800/800,"[""고해상도 디자인"",""장시간 배터리 수명"",""친환경 소재 사용"",""사용자 맞춤 설정""]"
prod-151,Aura 현대적인 헤드폰 151,현대적인 디자인과 최첨단 기술의 만남,Aura 현대적인 헤드폰 151은(는) 일상에 풍요로움을 더하는 Audio 기기입니다. 세심한 디테일과 뛰어난 성능을 경험해 보세요.,"Aura 현대적인 헤드폰 151은(는) 디자인과 기능의 완벽한 조화를 목표로 제작되었습니다. 제작 과정에서부터 사용자의 편의성을 최우선으로 고려하였으며, 오랜 시간 사용해도 변치 않는 가치를 선사합니다. 특히 이번 모델은 기존 제품보다 더 향상된 성능과 효율성을 자랑합니다.",910000,Audio,https://picsum.photos/seed/151/800/800,"[""고해상도 디자인"",""장시간 배터리 수명"",""친환경 소재 사용"",""사용자 맞춤 설정""]"
prod-152,Aura 고급 사운드바 152,고급 디자인과 최첨단 기술의 만남,Aura 고급 사운드바 152은(는) 일상에 풍요로움을 더하는 Audio 기기입니다. 세심한 디테일과 뛰어난 성능을 경험해 보세요.,"Aura 고급 사운드바 152은(는) 디자인과 기능의 완벽한 조화를 목표로 제작되었습니다. 제작 과정에서부터 사용자의 편의성을 최우선으로 고려하였으며, 오랜 시간 사용해도 변치 않는 가치를 선사합니다. 특히 이번 모델은 기존 제품보다 더 향상된 성능과 효율성을 자랑합니다.",570000,Audio,https://picsum.photos/seed/152/800/800,"[""고해상도 디자인"",""장시간 배터리 수명"",""친환경 소재 사용"",""사용자 맞춤 설정""]"
prod-153,Aura 우아한 트래커 153,우아한 디자인과 최첨단 기술의 만남,Aura 우아한 트래커 153은(는) 일상에 풍요로움을 더하는 Wearable 기기입니다. 세심한 디테일과 뛰어난 성능을 경험해 보세요.,"Aura 우아한 트래커 153은(는) 디자인과 기능의 완벽한 조화를 목표로 제작되었습니다. 제작 과정에서부터 사용자의 편의성을 최우선으로 고려하였으며, 오랜 시간 사용해도 변치 않는 가치를 선사합니다. 특히 이번 모델은 기존 제품보다 더 향상된 성능과 효율성을 자랑합니다.",590000,Wearable,https://picsum.photos/seed/153/800/800,"[""고해상도 디자인"",""장시간 배터리 수명"",""친환경 소재 사용"",""사용자 맞춤 설정""]"
prod-154,Aura 진보된 램프 154,진보된 디자인과 최첨단 기술의 만남,Aura 진보된 램프 154은(는) 일상에 풍요로움을 더하는 Home 기기입니다. 세심한 디테일과 뛰어난 성능을 경험해 보세요.,"Aura 진보된 램프 154은(는) 디자인과 기능의 완벽한 조화를 목표로 제작되었습니다. 제작 과정에서부터 사용자의 편의성을 최우선으로 고려하였으며, 오랜 시간 사용해도 변치 않는 가치를 선사합니다. 특히 이번 모델은 기존 제품보다 더 향상된 성능과 효율성을 자랑합니다.",540000,Home,https://picsum.photos/seed/154/800/800,"[""고해상도 디자인"",""장시간 배터리 수명"",""친환경 소재 사용"",""사용자 맞춤 설정""]"
prod-155,Aura 미니멀 폰 155,미니멀 디자인과 최첨단 기술의 만남,Aura 미니멀 폰 155은(는) 일상에 풍요로움을 더하는 Mobile 기기입니다. 세심한 디테일과 뛰어난 성능을 경험해 보세요.,"Aura 미니멀 폰 155은(는) 디자인과 기능의 완벽한 조화를 목표로 제작되었습니다. 제작 과정에서부터 사용자의 편의성을 최우선으로 고려하였으며, 오랜 시간 사용해도 변치 않는 가치를 선사합니다. 특히 이번 모델은 기존 제품보다 더 향상된 성능과 효율성을 자랑합니다.",630000,Mobile,https://picsum.photos/seed/155/800/800,"[""고해상도 디자인"",""장시간 배터리 수명"",""친환경 소재 사용"",""사용자 맞춤 설정""]"
prod-156,Aura 혁신적인 액세서리 156,혁신적인 디자인과 최첨단 기술의 만남,Aura 혁신적인 액세서리 156은(는) 일상에 풍요로움을 더하는 Mobile 기기입니다. 세심한 디테일과 뛰어난 성능을 경험해 보세요.,"Aura 혁신적인 액세서리 156은(는) 디자인과 기능의 완벽한 조화를 목표로 제작되었습니다. 제작 과정에서부터 사용자의 편의성을 최우선으로 고려하였으며, 오랜 시간 사용해도 변치 않는 가치를 선사합니다. 특히 이번 모델은 기존 제품보다 더 향상된 성능과 효율성을 자랑합니다.",230000,Mobile,https://picsum.photos/seed/156/800/800,"[""고해상도 디자인"",""장시간 배터리 수명"",""친환경 소재 사용"",""사용자 맞춤 설정""]"
prod-157,Aura 현대적인 헤드폰 157,현대적인 디자인과 최첨단 기술의 만남,Aura 현대적인 헤드폰 157은(는) 일상에 풍요로움을 더하는 Audio 기기입니다. 세심한 디테일과 뛰어난 성능을 경험해 보세요.,"Aura 현대적인 헤드폰 157은(는) 디자인과 기능의 완벽한 조화를 목표로 제작되었습니다. 제작 과정에서부터 사용자의 편의성을 최우선으로 고려하였으며, 오랜 시간 사용해도 변치 않는 가치를 선사합니다. 특히 이번 모델은 기존 제품보다 더 향상된 성능과 효율성을 자랑합니다.",670000,Audio,https://picsum.photos/seed/157/800/800,"[""고해상도 디자인"",""장시간 배터리 수명"",""친환경 소재 사용"",""사용자 맞춤 설정""]"
prod-158,Aura 현대적인 충전기 158,현대적인 디자인과 최첨단 기술의 만남,Aura 현대적인 충전기 158은(는) 일상에 풍요로움을 더하는 Mobile 기기입니다. 세심한 디테일과 뛰어난 성능을 경험해 보세요.,"Aura 현대적인 충전기 158은(는) 디자인과 기능의 완벽한 조화를 목표로 제작되었습니다. 제작 과정에서부터 사용자의 편의성을 최우선으로 고려하였으며, 오랜 시간 사용해도 변치 않는 가치를 선사합니다. 특히 이번 모델은 기존 제품보다 더 향상된 성능과 효율성을 자랑합니다.",450000,Mobile,https://picsum.photos/seed/158/800/800,"[""고해상도 디자인"",""장시간 배터리 수명"",""친환경 소재 사용"",""사용자 맞춤 설정""]"
prod-159,Aura 현대적인 충전기 159,현대적인 디자인과 최첨단 기술의 만남,Aura 현대적인 충전기 159은(는) 일상에 풍요로움을 더하는 Mobile 기기입니다. 세심한 디테일과 뛰어난 성능을 경험해 보세요.,"Aura 현대적인 충전기 159은(는) 디자인과 기능의 완벽한 조화를 목표로 제작되었습니다. 제작 과정에서부터 사용자의 편의성을 최우선으로 고려하였으며, 오랜 시간 사용해도 변치 않는 가치를 선사합니다. 특히 이번 모델은 기존 제품보다 더 향상된 성능과 효율성을 자랑합니다.",750000,Mobile,https://picsum.photos/seed/159/800/800,"[""고해상도 디자인"",""장시간 배터리 수명"",""친환경 소재 사용"",""사용자 맞춤 설정""]"
prod-160,Aura 프리미엄 이어버드 160,프리미엄 디자인과 최첨단 기술의 만남,Aura 프리미엄 이어버드 160은(는) 일상에 풍요로움을 더하는 Audio 기기입니다. 세심한 디테일과 뛰어난 성능을 경험해 보세요.,"Aura 프리미엄 이어버드 160은(는) 디자인과 기능의 완벽한 조화를 목표로 제작되었습니다. 제작 과정에서부터 사용자의 편의성을 최우선으로 고려하였으며, 오랜 시간 사용해도 변치 않는 가치를 선사합니다. 특히 이번 모델은 기존 제품보다 더 향상된 성능과 효율성을 자랑합니다.",460000,Audio,https://picsum.photos/seed/160/800/800,"[""고해상도 디자인"",""장시간 배터리 수명"",""친환경 소재 사용"",""사용자 맞춤 설정""]"
prod-161,Aura 스마트 공기청정기 161,스마트 디자인과 최첨단 기술의 만남,Aura 스마트 공기청정기 161은(는) 일상에 풍요로움을 더하는 Home 기기입니다. 세심한 디테일과 뛰어난 성능을 경험해 보세요.,"Aura 스마트 공기청정기 161은(는) 디자인과 기능의 완벽한 조화를 목표로 제작되었습니다. 제작 과정에서부터 사용자의 편의성을 최우선으로 고려하였으며, 오랜 시간 사용해도 변치 않는 가치를 선사합니다. 특히 이번 모델은 기존 제품보다 더 향상된 성능과 효율성을 자랑합니다.",910000,Home,https://picsum.photos/seed/161/800/800,"[""고해상도 디자인"",""장시간 배터리 수명"",""친환경 소재 사용"",""사용자 맞춤 설정""]"
prod-162,Aura 혁신적인 태블릿 162,혁신적인 디자인과 최첨단 기술의 만남,Aura 혁신적인 태블릿 162은(는) 일상에 풍요로움을 더하는 Mobile 기기입니다. 세심한 디테일과 뛰어난 성능을 경험해 보세요.,"Aura 혁신적인 태블릿 162은(는) 디자인과 기능의 완벽한 조화를 목표로 제작되었습니다. 제작 과정에서부터 사용자의 편의성을 최우선으로 고려하였으며, 오랜 시간 사용해도 변치 않는 가치를 선사합니다. 특히 이번 모델은 기존 제품보다 더 향상된 성능과 효율성을 자랑합니다.",940000,Mobile,https://picsum.photos/seed/162/800/800,"[""고해상도 디자인"",""장시간 배터리 수명"",""친환경 소재 사용"",""사용자 맞춤 설정""]"
prod-163,Aura 진보된 워치 163,진보된 디자인과 최첨단 기술의 만남,Aura 진보된 워치 163은(는) 일상에 풍요로움을 더하는 Wearable 기기입니다. 세심한 디테일과 뛰어난 성능을 경험해 보세요.,"Aura 진보된 워치 163은(는) 디자인과 기능의 완벽한 조화를 목표로 제작되었습니다. 제작 과정에서부터 사용자의 편의성을 최우선으로 고려하였으며, 오랜 시간 사용해도 변치 않는 가치를 선사합니다. 특히 이번 모델은 기존 제품보다 더 향상된 성능과 효율성을 자랑합니다.",250000,Wearable,https://picsum.photos/seed/163/800/800,"[""고해상도 디자인"",""장시간 배터리 수명"",""친환경 소재 사용"",""사용자 맞춤 설정""]"
prod-164,Aura 진보된 가구 164,진보된 디자인과 최첨단 기술의 만남,Aura 진보된 가구 164은(는) 일상에 풍요로움을 더하는 Home 기기입니다. 세심한 디테일과 뛰어난 성능을 경험해 보세요.,"Aura 진보된 가구 164은(는) 디자인과 기능의 완벽한 조화를 목표로 제작되었습니다. 제작 과정에서부터 사용자의 편의성을 최우선으로 고려하였으며, 오랜 시간 사용해도 변치 않는 가치를 선사합니다. 특히 이번 모델은 기존 제품보다 더 향상된 성능과 효율성을 자랑합니다.",970000,Home,https://picsum.photos/seed/164/800/800,"[""고해상도 디자인"",""장시간 배터리 수명"",""친환경 소재 사용"",""사용자 맞춤 설정""]"
prod-165,Aura 현대적인 밴드 165,현대적인 디자인과 최첨단 기술의 만남,Aura 현대적인 밴드 165은(는) 일상에 풍요로움을 더하는 Wearable 기기입니다. 세심한 디테일과 뛰어난 성능을 경험해 보세요.,"Aura 현대적인 밴드 165은(는) 디자인과 기능의 완벽한 조화를 목표로 제작되었습니다. 제작 과정에서부터 사용자의 편의성을 최우선으로 고려하였으며, 오랜 시간 사용해도 변치 않는 가치를 선사합니다. 특히 이번 모델은 기존 제품보다 더 향상된 성능과 효율성을 자랑합니다.",450000,Wearable,https://picsum.photos/seed/165/800/800,"[""고해상도 디자인"",""장시간 배터리 수명"",""친환경 소재 사용"",""사용자 맞춤 설정""]"
prod-166,Aura 클래식 충전기 166,클래식 디자인과 최첨단 기술의 만남,Aura 클래식 충전기 166은(는) 일상에 풍요로움을 더하는 Mobile 기기입니다. 세심한 디테일과 뛰어난 성능을 경험해 보세요.,"Aura 클래식 충전기 166은(는) 디자인과 기능의 완벽한 조화를 목표로 제작되었습니다. 제작 과정에서부터 사용자의 편의성을 최우선으로 고려하였으며, 오랜 시간 사용해도 변치 않는 가치를 선사합니다. 특히 이번 모델은 기존 제품보다 더 향상된 성능과 효율성을 자랑합니다.",870000,Mobile,https://picsum.photos/seed/166/800/800,"[""고해상도 디자인"",""장시간 배터리 수명"",""친환경 소재 사용"",""사용자 맞춤 설정""]"
prod-167,Aura 현대적인 밴드 167,현대적인 디자인과 최첨단 기술의 만남,Aura 현대적인 밴드 167은(는) 일상에 풍요로움을 더하는 Wearable 기기입니다. 세심한 디테일과 뛰어난 성능을 경험해 보세요.,"Aura 현대적인 밴드 167은(는) 디자인과 기능의 완벽한 조화를 목표로 제작되었습니다. 제작 과정에서부터 사용자의 편의성을 최우선으로 고려하였으며, 오랜 시간 사용해도 변치 않는 가치를 선사합니다. 특히 이번 모델은 기존 제품보다 더 향상된 성능과 효율성을 자랑합니다.",920000,Wearable,https://picsum.photos/seed/167/800/800,"[""고해상도 디자인"",""장시간 배터리 수명"",""친환경 소재 사용"",""사용자 맞춤 설정""]"
prod-168,Aura 우아한 이어버드 168,우아한 디자인과 최첨단 기술의 만남,Aura 우아한 이어버드 168은(는) 일상에 풍요로움을 더하는 Audio 기기입니다. 세심한 디테일과 뛰어난 성능을 경험해 보세요.,"Aura 우아한 이어버드 168은(는) 디자인과 기능의 완벽한 조화를 목표로 제작되었습니다. 제작 과정에서부터 사용자의 편의성을 최우선으로 고려하였으며, 오랜 시간 사용해도 변치 않는 가치를 선사합니다. 특히 이번 모델은 기존 제품보다 더 향상된 성능과 효율성을 자랑합니다.",400000,Audio,https://picsum.photos/seed/168/800/800,"[""고해상도 디자인"",""장시간 배터리 수명"",""친환경 소재 사용"",""사용자 맞춤 설정""]"
prod-169,Aura 클래식 폰 169,클래식 디자인과 최첨단 기술의 만남,Aura 클래식 폰 169은(는) 일상에 풍요로움을 더하는 Mobile 기기입니다. 세심한 디테일과 뛰어난 성능을 경험해 보세요.,"Aura 클래식 폰 169은(는) 디자인과 기능의 완벽한 조화를 목표로 제작되었습니다. 제작 과정에서부터 사용자의 편의성을 최우선으로 고려하였으며, 오랜 시간 사용해도 변치 않는 가치를 선사합니다. 특히 이번 모델은 기존 제품보다 더 향상된 성능과 효율성을 자랑합니다.",760000,Mobile,https://picsum.photos/seed/169/800/800,"[""고해상도 디자인"",""장시간 배터리 수명"",""친환경 소재 사용"",""사용자 맞춤 설정""]"
prod-170,Aura 현대적인 오브제 170,현대적인 디자인과 최첨단 기술의 만남,Aura 현대적인 오브제 170은(는) 일상에 풍요로움을 더하는 Home 기기입니다. 세심한 디테일과 뛰어난 성능을 경험해 보세요.,"Aura 현대적인 오브제 170은(는) 디자인과 기능의 완벽한 조화를 목표로 제작되었습니다. 제작 과정에서부터 사용자의 편의성을 최우선으로 고려하였으며, 오랜 시간 사용해도 변치 않는 가치를 선사합니다. 특히 이번 모델은 기존 제품보다 더 향상된 성능과 효율성을 자랑합니다.",300000,Home,https://picsum.photos/seed/170/800/800,"[""고해상도 디자인"",""장시간 배터리 수명"",""친환경 소재 사용"",""사용자 맞춤 설정""]"
prod-171,Aura 고급 액세서리 171,고급 디자인과 최첨단 기술의 만남,Aura 고급 액세서리 171은(는) 일상에 풍요로움을 더하는 Mobile 기기입니다. 세심한 디테일과 뛰어난 성능을 경험해 보세요.,"Aura 고급 액세서리 171은(는) 디자인과 기능의 완벽한 조화를 목표로 제작되었습니다. 제작 과정에서부터 사용자의 편의성을 최우선으로 고려하였으며, 오랜 시간 사용해도 변치 않는 가치를 선사합니다. 특히 이번 모델은 기존 제품보다 더 향상된 성능과 효율성을 자랑합니다.",670000,Mobile,https://picsum.photos/seed/171/800/800,"[""고해상도 디자인"",""장시간 배터리 수명"",""친환경 소재 사용"",""사용자 맞춤 설정""]"
prod-172,Aura 우아한 램프 172,우아한 디자인과 최첨단 기술의 만남,Aura 우아한 램프 172은(는) 일상에 풍요로움을 더하는 Home 기기입니다. 세심한 디테일과 뛰어난 성능을 경험해 보세요.,"Aura 우아한 램프 172은(는) 디자인과 기능의 완벽한 조화를 목표로 제작되었습니다. 제작 과정에서부터 사용자의 편의성을 최우선으로 고려하였으며, 오랜 시간 사용해도 변치 않는 가치를 선사합니다. 특히 이번 모델은 기존 제품보다 더 향상된 성능과 효율성을 자랑합니다.",610000,Home,https://picsum.photos/seed/172/800/800,"[""고해상도 디자인"",""장시간 배터리 수명"",""친환경 소재 사용"",""사용자 맞춤 설정""]"
prod-173,Aura 고급 밴드 173,고급 디자인과 최첨단 기술의 만남,Aura 고급 밴드 173은(는) 일상에 풍요로움을 더하는 Wearable 기기입니다. 세심한 디테일과 뛰어난 성능을 경험해 보세요.,"Aura 고급 밴드 173은(는) 디자인과 기능의 완벽한 조화를 목표로 제작되었습니다. 제작 과정에서부터 사용자의 편의성을 최우선으로 고려하였으며, 오랜 시간 사용해도 변치 않는 가치를 선사합니다. 특히 이번 모델은 기존 제품보다 더 향상된 성능과 효율성을 자랑합니다.",540000,Wearable,https://picsum.photos/seed/173/800/800,"[""고해상도 디자인"",""장시간 배터리 수명"",""친환경 소재 사용"",""사용자 맞춤 설정""]"
prod-174,Aura 미니멀 워치 174,미니멀 디자인과 최첨단 기술의 만남,Aura 미니멀 워치 174은(는) 일상에 풍요로움을 더하는 Wearable 기기입니다. 세심한 디테일과 뛰어난 성능을 경험해 보세요.,"Aura 미니멀 워치 174은(는) 디자인과 기능의 완벽한 조화를 목표로 제작되었습니다. 제작 과정에서부터 사용자의 편의성을 최우선으로 고려하였으며, 오랜 시간 사용해도 변치 않는 가치를 선사합니다. 특히 이번 모델은 기존 제품보다 더 향상된 성능과 효율성을 자랑합니다.",430000,Wearable,https://picsum.photos/seed/174/800/800,"[""고해상도 디자인"",""장시간 배터리 수명"",""친환경 소재 사용"",""사용자 맞춤 설정""]"
prod-175,Aura 고급 램프 175,고급 디자인과 최첨단 기술의 만남,Aura 고급 램프 175은(는) 일상에 풍요로움을 더하는 Home 기기입니다. 세심한 디테일과 뛰어난 성능을 경험해 보세요.,"Aura 고급 램프 175은(는) 디자인과 기능의 완벽한 조화를 목표로 제작되었습니다. 제작 과정에서부터 사용자의 편의성을 최우선으로 고려하였으며, 오랜 시간 사용해도 변치 않는 가치를 선사합니다. 특히 이번 모델은 기존 제품보다 더 향상된 성능과 효율성을 자랑합니다.",300000,Home,https://picsum.photos/seed/175/800/800,"[""고해상도 디자인"",""장시간 배터리 수명"",""친환경 소재 사용"",""사용자 맞춤 설정""]"
prod-176,Aura 혁신적인 액세서리 176,혁신적인 디자인과 최첨단 기술의 만남,Aura 혁신적인 액세서리 176은(는) 일상에 풍요로움을 더하는 Mobile 기기입니다. 세심한 디테일과 뛰어난 성능을 경험해 보세요.,"Aura 혁신적인 액세서리 176은(는) 디자인과 기능의 완벽한 조화를 목표로 제작되었습니다. 제작 과정에서부터 사용자의 편의성을 최우선으로 고려하였으며, 오랜 시간 사용해도 변치 않는 가치를 선사합니다. 특히 이번 모델은 기존 제품보다 더 향상된 성능과 효율성을 자랑합니다.",530000,Mobile,https://picsum.photos/seed/176/800/800,"[""고해상도 디자인"",""장시간 배터리 수명"",""친환경 소재 사용"",""사용자 맞춤 설정""]"
prod-177,Aura 미니멀 스피커 177,미니멀 디자인과 최첨단 기술의 만남,Aura 미니멀 스피커 177은(는) 일상에 풍요로움을 더하는 Audio 기기입니다. 세심한 디테일과 뛰어난 성능을 경험해 보세요.,"Aura 미니멀 스피커 177은(는) 디자인과 기능의 완벽한 조화를 목표로 제작되었습니다. 제작 과정에서부터 사용자의 편의성을 최우선으로 고려하였으며, 오랜 시간 사용해도 변치 않는 가치를 선사합니다. 특히 이번 모델은 기존 제품보다 더 향상된 성능과 효율성을 자랑합니다.",640000,Audio,https://picsum.photos/seed/177/800/800,"[""고해상도 디자인"",""장시간 배터리 수명"",""친환경 소재 사용"",""사용자 맞춤 설정""]"
prod-178,Aura 스마트 사운드바 178,스마트 디자인과 최첨단 기술의 만남,Aura 스마트 사운드바 178은(는) 일상에 풍요로움을 더하는 Audio 기기입니다. 세심한 디테일과 뛰어난 성능을 경험해 보세요.,"Aura 스마트 사운드바 178은(는) 디자인과 기능의 완벽한 조화를 목표로 제작되었습니다. 제작 과정에서부터 사용자의 편의성을 최우선으로 고려하였으며, 오랜 시간 사용해도 변치 않는 가치를 선사합니다. 특히 이번 모델은 기존 제품보다 더 향상된 성능과 효율성을 자랑합니다.",290000,Audio,https://picsum.photos/seed/178/800/800,"[""고해상도 디자인"",""장시간 배터리 수명"",""친환경 소재 사용"",""사용자 맞춤 설정""]"
prod-179,Aura 혁신적인 태블릿 179,혁신적인 디자인과 최첨단 기술의 만남,Aura 혁신적인 태블릿 179은(는) 일상에 풍요로움을 더하는 Mobile 기기입니다. 세심한 디테일과 뛰어난 성능을 경험해 보세요.,"Aura 혁신적인 태블릿 179은(는) 디자인과 기능의 완벽한 조화를 목표로 제작되었습니다. 제작 과정에서부터 사용자의 편의성을 최우선으로 고려하였으며, 오랜 시간 사용해도 변치 않는 가치를 선사합니다. 특히 이번 모델은 기존 제품보다 더 향상된 성능과 효율성을 자랑합니다.",670000,Mobile,https://picsum.photos/seed/179/800/800,"[""고해상도 디자인"",""장시간 배터리 수명"",""친환경 소재 사용"",""사용자 맞춤 설정""]"
prod-180,Aura 우아한 오브제 180,우아한 디자인과 최첨단 기술의 만남,Aura 우아한 오브제 180은(는) 일상에 풍요로움을 더하는 Home 기기입니다. 세심한 디테일과 뛰어난 성능을 경험해 보세요.,"Aura 우아한 오브제 180은(는) 디자인과 기능의 완벽한 조화를 목표로 제작되었습니다. 제작 과정에서부터 사용자의 편의성을 최우선으로 고려하였으며, 오랜 시간 사용해도 변치 않는 가치를 선사합니다. 특히 이번 모델은 기존 제품보다 더 향상된 성능과 효율성을 자랑합니다.",260000,Home,https://picsum.photos/seed/180/800/800,"[""고해상도 디자인"",""장시간 배터리 수명"",""친환경 소재 사용"",""사용자 맞춤 설정""]"
prod-181,Aura 프리미엄 충전기 181,프리미엄 디자인과 최첨단 기술의 만남,Aura 프리미엄 충전기 181은(는) 일상에 풍요로움을 더하는 Mobile 기기입니다. 세심한 디테일과 뛰어난 성능을 경험해 보세요.,"Aura 프리미엄 충전기 181은(는) 디자인과 기능의 완벽한 조화를 목표로 제작되었습니다. 제작 과정에서부터 사용자의 편의성을 최우선으로 고려하였으며, 오랜 시간 사용해도 변치 않는 가치를 선사합니다. 특히 이번 모델은 기존 제품보다 더 향상된 성능과 효율성을 자랑합니다.",560000,Mobile,https://picsum.photos/seed/181/800/800,"[""고해상도 디자인"",""장시간 배터리 수명"",""친환경 소재 사용"",""사용자 맞춤 설정""]"
prod-182,Aura 혁신적인 트래커 182,혁신적인 디자인과 최첨단 기술의 만남,Aura 혁신적인 트래커 182은(는) 일상에 풍요로움을 더하는 Wearable 기기입니다. 세심한 디테일과 뛰어난 성능을 경험해 보세요.,"Aura 혁신적인 트래커 182은(는) 디자인과 기능의 완벽한 조화를 목표로 제작되었습니다. 제작 과정에서부터 사용자의 편의성을 최우선으로 고려하였으며, 오랜 시간 사용해도 변치 않는 가치를 선사합니다. 특히 이번 모델은 기존 제품보다 더 향상된 성능과 효율성을 자랑합니다.",590000,Wearable,https://picsum.photos/seed/182/800/800,"[""고해상도 디자인"",""장시간 배터리 수명"",""친환경 소재 사용"",""사용자 맞춤 설정""]"
prod-183,Aura 우아한 워치 183,우아한 디자인과 최첨단 기술의 만남,Aura 우아한 워치 183은(는) 일상에 풍요로움을 더하는 Wearable 기기입니다. 세심한 디테일과 뛰어난 성능을 경험해 보세요.,"Aura 우아한 워치 183은(는) 디자인과 기능의 완벽한 조화를 목표로 제작되었습니다. 제작 과정에서부터 사용자의 편의성을 최우선으로 고려하였으며, 오랜 시간 사용해도 변치 않는 가치를 선사합니다. 특히 이번 모델은 기존 제품보다 더 향상된 성능과 효율성을 자랑합니다.",940000,Wearable,https://picsum.photos/seed/183/800/800,"[""고해상도 디자인"",""장시간 배터리 수명"",""친환경 소재 사용"",""사용자 맞춤 설정""]"
prod-184,Aura 진보된 트래커 184,진보된 디자인과 최첨단 기술의 만남,Aura 진보된 트래커 184은(는) 일상에 풍요로움을 더하는 Wearable 기기입니다. 세심한 디테일과 뛰어난 성능을 경험해 보세요.,"Aura 진보된 트래커 184은(는) 디자인과 기능의 완벽한 조화를 목표로 제작되었습니다. 제작 과정에서부터 사용자의 편의성을 최우선으로 고려하였으며, 오랜 시간 사용해도 변치 않는 가치를 선사합니다. 특히 이번 모델은 기존 제품보다 더 향상된 성능과 효율성을 자랑합니다.",800000,Wearable,https://picsum.photos/seed/184/800/800,"[""고해상도 디자인"",""장시간 배터리 수명"",""친환경 소재 사용"",""사용자 맞춤 설정""]"
prod-185,Aura 스마트 램프 185,스마트 디자인과 최첨단 기술의 만남,Aura 스마트 램프 185은(는) 일상에 풍요로움을 더하는 Home 기기입니다. 세심한 디테일과 뛰어난 성능을 경험해 보세요.,"Aura 스마트 램프 185은(는) 디자인과 기능의 완벽한 조화를 목표로 제작되었습니다. 제작 과정에서부터 사용자의 편의성을 최우선으로 고려하였으며, 오랜 시간 사용해도 변치 않는 가치를 선사합니다. 특히 이번 모델은 기존 제품보다 더 향상된 성능과 효율성을 자랑합니다.",930000,Home,https://picsum.photos/seed/185/800/800,"[""고해상도 디자인"",""장시간 배터리 수명"",""친환경 소재 사용"",""사용자 맞춤 설정""]"
prod-186,Aura 스마트 가구 186,스마트 디자인과 최첨단 기술의 만남,Aura 스마트 가구 186은(는) 일상에 풍요로움을 더하는 Home 기기입니다. 세심한 디테일과 뛰어난 성능을 경험해 보세요.,"Aura 스마트 가구 186은(는) 디자인과 기능의 완벽한 조화를 목표로 제작되었습니다. 제작 과정에서부터 사용자의 편의성을 최우선으로 고려하였으며, 오랜 시간 사용해도 변치 않는 가치를 선사합니다. 특히 이번 모델은 기존 제품보다 더 향상된 성능과 효율성을 자랑합니다.",730000,Home,https://picsum.photos/seed/186/800/800,"[""고해상도 디자인"",""장시간 배터리 수명"",""친환경 소재 사용"",""사용자 맞춤 설정""]"
prod-187,Aura 스마트 사운드바 187,스마트 디자인과 최첨단 기술의 만남,Aura 스마트 사운드바 187은(는) 일상에 풍요로움을 더하는 Audio 기기입니다. 세심한 디테일과 뛰어난 성능을 경험해 보세요.,"Aura 스마트 사운드바 187은(는) 디자인과 기능의 완벽한 조화를 목표로 제작되었습니다. 제작 과정에서부터 사용자의 편의성을 최우선으로 고려하였으며, 오랜 시간 사용해도 변치 않는 가치를 선사합니다. 특히 이번 모델은 기존 제품보다 더 향상된 성능과 효율성을 자랑합니다.",860000,Audio,https://picsum.photos/seed/187/800/800,"[""고해상도 디자인"",""장시간 배터리 수명"",""친환경 소재 사용"",""사용자 맞춤 설정""]"
prod-188,Aura 혁신적인 워치 188,혁신적인 디자인과 최첨단 기술의 만남,Aura 혁신적인 워치 188은(는) 일상에 풍요로움을 더하는 Wearable 기기입니다. 세심한 디테일과 뛰어난 성능을 경험해 보세요.,"Aura 혁신적인 워치 188은(는) 디자인과 기능의 완벽한 조화를 목표로 제작되었습니다. 제작 과정에서부터 사용자의 편의성을 최우선으로 고려하였으며, 오랜 시간 사용해도 변치 않는 가치를 선사합니다. 특히 이번 모델은 기존 제품보다 더 향상된 성능과 효율성을 자랑합니다.",230000,Wearable,https://picsum.photos/seed/188/800/800,"[""고해상도 디자인"",""장시간 배터리 수명"",""친환경 소재 사용"",""사용자 맞춤 설정""]"
prod-189,Aura 혁신적인 폰 189,혁신적인 디자인과 최첨단 기술의 만남,Aura 혁신적인 폰 189은(는) 일상에 풍요로움을 더하는 Mobile 기기입니다. 세심한 디테일과 뛰어난 성능을 경험해 보세요.,"Aura 혁신적인 폰 189은(는) 디자인과 기능의 완벽한 조화를 목표로 제작되었습니다. 제작 과정에서부터 사용자의 편의성을 최우선으로 고려하였으며, 오랜 시간 사용해도 변치 않는 가치를 선사합니다. 특히 이번 모델은 기존 제품보다 더 향상된 성능과 효율성을 자랑합니다.",830000,Mobile,https://picsum.photos/seed/189/800/800,"[""고해상도 디자인"",""장시간 배터리 수명"",""친환경 소재 사용"",""사용자 맞춤 설정""]"
prod-190,Aura 진보된 오브제 190,진보된 디자인과 최첨단 기술의 만남,Aura 진보된 오브제 190은(는) 일상에 풍요로움을 더하는 Home 기기입니다. 세심한 디테일과 뛰어난 성능을 경험해 보세요.,"Aura 진보된 오브제 190은(는) 디자인과 기능의 완벽한 조화를 목표로 제작되었습니다. 제작 과정에서부터 사용자의 편의성을 최우선으로 고려하였으며, 오랜 시간 사용해도 변치 않는 가치를 선사합니다. 특히 이번 모델은 기존 제품보다 더 향상된 성능과 효율성을 자랑합니다.",140000,Home,https://picsum.photos/seed/190/800/800,"[""고해상도 디자인"",""장시간 배터리 수명"",""친환경 소재 사용"",""사용자 맞춤 설정""]"
prod-191,Aura 미니멀 스피커 191,미니멀 디자인과 최첨단 기술의 만남,Aura 미니멀 스피커 191은(는) 일상에 풍요로움을 더하는 Audio 기기입니다. 세심한 디테일과 뛰어난 성능을 경험해 보세요.,"Aura 미니멀 스피커 191은(는) 디자인과 기능의 완벽한 조화를 목표로 제작되었습니다. 제작 과정에서부터 사용자의 편의성을 최우선으로 고려하였으며, 오랜 시간 사용해도 변치 않는 가치를 선사합니다. 특히 이번 모델은 기존 제품보다 더 향상된 성능과 효율성을 자랑합니다.",730000,Audio,https://picsum.photos/seed/191/800/800,"[""고해상도 디자인"",""장시간 배터리 수명"",""친환경 소재 사용"",""사용자 맞춤 설정""]"
prod-192,Aura 프리미엄 오브제 192,프리미엄 디자인과 최첨단 기술의 만남,Aura 프리미엄 오브제 192은(는) 일상에 풍요로움을 더하는 Home 기기입니다. 세심한 디테일과 뛰어난 성능을 경험해 보세요.,"Aura 프리미엄 오브제 192은(는) 디자인과 기능의 완벽한 조화를 목표로 제작되었습니다. 제작 과정에서부터 사용자의 편의성을 최우선으로 고려하였으며, 오랜 시간 사용해도 변치 않는 가치를 선사합니다. 특히 이번 모델은 기존 제품보다 더 향상된 성능과 효율성을 자랑합니다.",300000,Home,https://picsum.photos/seed/192/800/800,"[""고해상도 디자인"",""장시간 배터리 수명"",""친환경 소재 사용"",""사용자 맞춤 설정""]"
prod-193,Aura 우아한 충전기 193,우아한 디자인과 최첨단 기술의 만남,Aura 우아한 충전기 193은(는) 일상에 풍요로움을 더하는 Mobile 기기입니다. 세심한 디테일과 뛰어난 성능을 경험해 보세요.,"Aura 우아한 충전기 193은(는) 디자인과 기능의 완벽한 조화를 목표로 제작되었습니다. 제작 과정에서부터 사용자의 편의성을 최우선으로 고려하였으며, 오랜 시간 사용해도 변치 않는 가치를 선사합니다. 특히 이번 모델은 기존 제품보다 더 향상된 성능과 효율성을 자랑합니다.",540000,Mobile,https://picsum.photos/seed/193/800/800,"[""고해상도 디자인"",""장시간 배터리 수명"",""친환경 소재 사용"",""사용자 맞춤 설정""]"
prod-194,Aura 고급 이어버드 194,고급 디자인과 최첨단 기술의 만남,Aura 고급 이어버드 194은(는) 일상에 풍요로움을 더하는 Audio 기기입니다. 세심한 디테일과 뛰어난 성능을 경험해 보세요.,"Aura 고급 이어버드 194은(는) 디자인과 기능의 완벽한 조화를 목표로 제작되었습니다. 제작 과정에서부터 사용자의 편의성을 최우선으로 고려하였으며, 오랜 시간 사용해도 변치 않는 가치를 선사합니다. 특히 이번 모델은 기존 제품보다 더 향상된 성능과 효율성을 자랑합니다.",560000,Audio,https://picsum.photos/seed/194/800/800,"[""고해상도 디자인"",""장시간 배터리 수명"",""친환경 소재 사용"",""사용자 맞춤 설정""]"
prod-195,Aura 혁신적인 태블릿 195,혁신적인 디자인과 최첨단 기술의 만남,Aura 혁신적인 태블릿 195은(는) 일상에 풍요로움을 더하는 Mobile 기기입니다. 세심한 디테일과 뛰어난 성능을 경험해 보세요.,"Aura 혁신적인 태블릿 195은(는) 디자인과 기능의 완벽한 조화를 목표로 제작되었습니다. 제작 과정에서부터 사용자의 편의성을 최우선으로 고려하였으며, 오랜 시간 사용해도 변치 않는 가치를 선사합니다. 특히 이번 모델은 기존 제품보다 더 향상된 성능과 효율성을 자랑합니다.",990000,Mobile,https://picsum.photos/seed/195/800/800,"[""고해상도 디자인"",""장시간 배터리 수명"",""친환경 소재 사용"",""사용자 맞춤 설정""]"
prod-196,Aura 프리미엄 오브제 196,프리미엄 디자인과 최첨단 기술의 만남,Aura 프리미엄 오브제 196은(는) 일상에 풍요로움을 더하는 Home 기기입니다. 세심한 디테일과 뛰어난 성능을 경험해 보세요.,"Aura 프리미엄 오브제 196은(는) 디자인과 기능의 완벽한 조화를 목표로 제작되었습니다. 제작 과정에서부터 사용자의 편의성을 최우선으로 고려하였으며, 오랜 시간 사용해도 변치 않는 가치를 선사합니다. 특히 이번 모델은 기존 제품보다 더 향상된 성능과 효율성을 자랑합니다.",980000,Home,https://picsum.photos/seed/196/800/800,"[""고해상도 디자인"",""장시간 배터리 수명"",""친환경 소재 사용"",""사용자 맞춤 설정""]"
prod-197,Aura 자연스러운 워치 197,자연스러운 디자인과 최첨단 기술의 만남,Aura 자연스러운 워치 197은(는) 일상에 풍요로움을 더하는 Wearable 기기입니다. 세심한 디테일과 뛰어난 성능을 경험해 보세요.,"Aura 자연스러운 워치 197은(는) 디자인과 기능의 완벽한 조화를 목표로 제작되었습니다. 제작 과정에서부터 사용자의 편의성을 최우선으로 고려하였으며, 오랜 시간 사용해도 변치 않는 가치를 선사합니다. 특히 이번 모델은 기존 제품보다 더 향상된 성능과 효율성을 자랑합니다.",780000,Wearable,https://picsum.photos/seed/197/800/800,"[""고해상도 디자인"",""장시간 배터리 수명"",""친환경 소재 사용"",""사용자 맞춤 설정""]"
prod-198,Aura 스마트 공기청정기 198,스마트 디자인과 최첨단 기술의 만남,Aura 스마트 공기청정기 198은(는) 일상에 풍요로움을 더하는 Home 기기입니다. 세심한 디테일과 뛰어난 성능을 경험해 보세요.,"Aura 스마트 공기청정기 198은(는) 디자인과 기능의 완벽한 조화를 목표로 제작되었습니다. 제작 과정에서부터 사용자의 편의성을 최우선으로 고려하였으며, 오랜 시간 사용해도 변치 않는 가치를 선사합니다. 특히 이번 모델은 기존 제품보다 더 향상된 성능과 효율성을 자랑합니다.",870000,Home,https://picsum.photos/seed/198/800/800,"[""고해상도 디자인"",""장시간 배터리 수명"",""친환경 소재 사용"",""사용자 맞춤 설정""]"
prod-199,Aura 프리미엄 사운드바 199,프리미엄 디자인과 최첨단 기술의 만남,Aura 프리미엄 사운드바 199은(는) 일상에 풍요로움을 더하는 Audio 기기입니다. 세심한 디테일과 뛰어난 성능을 경험해 보세요.,"Aura 프리미엄 사운드바 199은(는) 디자인과 기능의 완벽한 조화를 목표로 제작되었습니다. 제작 과정에서부터 사용자의 편의성을 최우선으로 고려하였으며, 오랜 시간 사용해도 변치 않는 가치를 선사합니다. 특히 이번 모델은 기존 제품보다 더 향상된 성능과 효율성을 자랑합니다.",350000,Audio,https://picsum.photos/seed/199/800/800,"[""고해상도 디자인"",""장시간 배터리 수명"",""친환경 소재 사용"",""사용자 맞춤 설정""]"
